{
	"format_version": "1.8.0",
	"animations": {
		"swim": {
			"loop": true,
			"animation_length": 0.5,
			"bones": {
				"root": {
					"rotation": {
						"0.0": {
							"vector": [0, 5, 0]
						},
						"0.0417": [0, 4.40101, 0],
						"0.0833": [0, 2.61564, 0],
						"0.1667": [0, -2.61564, 0],
						"0.2083": [0, -4.40101, 0],
						"0.25": {
							"vector": [0, -5, 0]
						},
						"0.2917": [0, -4.40101, 0],
						"0.3333": [0, -2.61564, 0],
						"0.4167": [0, 2.61564, 0],
						"0.4583": [0, 4.40101, 0],
						"0.5": {
							"vector": [0, 5, 0]
						}
					},
					"position": {
						"0.0": {
							"post": {
								"vector": [-8, 0, 0]
							},
							"lerp_mode": "catmullrom"
						},
						"0.25": {
							"post": {
								"vector": [8, 0, 0]
							},
							"lerp_mode": "catmullrom"
						},
						"0.5": {
							"post": {
								"vector": [-8, 0, 0]
							},
							"lerp_mode": "catmullrom"
						}
					}
				},
				"left_fin": {
					"rotation": {
						"0.0": {
							"vector": [0, -10, 0]
						},
						"0.0417": [0, -9.7005, 0],
						"0.0833": [0, -8.80782, 0],
						"0.1667": [0, -6.19218, 0],
						"0.2083": [0, -5.2995, 0],
						"0.25": {
							"vector": [0, -5, 0]
						},
						"0.2917": [0, -5.2995, 0],
						"0.3333": [0, -6.19218, 0],
						"0.4167": [0, -8.80782, 0],
						"0.4583": [0, -9.7005, 0],
						"0.5": {
							"vector": [0, -10, 0]
						}
					}
				},
				"right_fin": {
					"rotation": {
						"0.0": {
							"vector": [0, 5, 0]
						},
						"0.0417": [0, 5.2995, 0],
						"0.0833": [0, 6.19218, 0],
						"0.1667": [0, 8.80782, 0],
						"0.2083": [0, 9.7005, 0],
						"0.25": {
							"vector": [0, 10, 0]
						},
						"0.2917": [0, 9.7005, 0],
						"0.3333": [0, 8.80782, 0],
						"0.4167": [0, 6.19218, 0],
						"0.4583": [0, 5.2995, 0],
						"0.5": {
							"vector": [0, 5, 0]
						}
					}
				},
				"back_tail": {
					"rotation": {
						"0.0": {
							"post": {
								"vector": [0, 5, 0]
							},
							"lerp_mode": "catmullrom"
						},
						"0.25": {
							"post": {
								"vector": [0, -5, 0]
							},
							"lerp_mode": "catmullrom"
						},
						"0.5": {
							"post": {
								"vector": [0, 5, 0]
							},
							"lerp_mode": "catmullrom"
						}
					}
				},
				"tail": {
					"rotation": {
						"0.0": {
							"post": {
								"vector": [0.03616, 4.99982, -0.02102]
							},
							"lerp_mode": "catmullrom"
						},
						"0.25": {
							"post": {
								"vector": [0.03983, -5.00018, -0.02103]
							},
							"lerp_mode": "catmullrom"
						},
						"0.5": {
							"post": {
								"vector": [0.03616, 4.99982, -0.02102]
							},
							"lerp_mode": "catmullrom"
						}
					}
				},
				"fin": {
					"rotation": {
						"0.0": {
							"post": {
								"vector": [0, 5, 0]
							},
							"lerp_mode": "catmullrom"
						},
						"0.25": {
							"post": {
								"vector": [0, -5, 0]
							},
							"lerp_mode": "catmullrom"
						},
						"0.5": {
							"post": {
								"vector": [0, 5, 0]
							},
							"lerp_mode": "catmullrom"
						}
					}
				},
				"big_fin": {
					"rotation": {
						"0.0": {
							"post": {
								"vector": [0, 10, 0]
							},
							"lerp_mode": "catmullrom"
						},
						"0.25": {
							"post": {
								"vector": [0, -10, 0]
							},
							"lerp_mode": "catmullrom"
						},
						"0.5": {
							"post": {
								"vector": [0, 10, 0]
							},
							"lerp_mode": "catmullrom"
						}
					}
				},
				"front_mouth": {
					"rotation": {
						"0.0": {
							"post": {
								"vector": [0, -5, 0]
							},
							"lerp_mode": "catmullrom"
						},
						"0.25": {
							"post": {
								"vector": [0, 5, 0]
							},
							"lerp_mode": "catmullrom"
						},
						"0.5": {
							"post": {
								"vector": [0, -5, 0]
							},
							"lerp_mode": "catmullrom"
						}
					}
				},
				"mouth": {
					"rotation": {
						"0.0": {
							"post": {
								"vector": [0, -5, 0]
							},
							"lerp_mode": "catmullrom"
						},
						"0.25": {
							"post": {
								"vector": [0, 5, 0]
							},
							"lerp_mode": "catmullrom"
						},
						"0.5": {
							"post": {
								"vector": [0, -5, 0]
							},
							"lerp_mode": "catmullrom"
						}
					}
				},
				"claws": {
					"rotation": {
						"0.0": {
							"post": {
								"vector": [0, -5, 0]
							},
							"lerp_mode": "catmullrom"
						},
						"0.25": {
							"post": {
								"vector": [0, 5, 0]
							},
							"lerp_mode": "catmullrom"
						},
						"0.5": {
							"post": {
								"vector": [0, -5, 0]
							},
							"lerp_mode": "catmullrom"
						}
					}
				},
				"lower_left_fin": {
					"rotation": {
						"0.0": {
							"vector": [0, -10, 0]
						},
						"0.0417": [0, -9.7005, 0],
						"0.0833": [0, -8.80782, 0],
						"0.1667": [0, -6.19218, 0],
						"0.2083": [0, -5.2995, 0],
						"0.25": {
							"vector": [0, -5, 0]
						},
						"0.2917": [0, -5.2995, 0],
						"0.3333": [0, -6.19218, 0],
						"0.4167": [0, -8.80782, 0],
						"0.4583": [0, -9.7005, 0],
						"0.5": {
							"vector": [0, -10, 0]
						}
					}
				},
				"lower_right_fin": {
					"rotation": {
						"0.0": {
							"vector": [0, 5, 0]
						},
						"0.0417": [0, 5.2995, 0],
						"0.0833": [0, 6.19218, 0],
						"0.1667": [0, 8.80782, 0],
						"0.2083": [0, 9.7005, 0],
						"0.25": {
							"vector": [0, 10, 0]
						},
						"0.2917": [0, 9.7005, 0],
						"0.3333": [0, 8.80782, 0],
						"0.4167": [0, 6.19218, 0],
						"0.4583": [0, 5.2995, 0],
						"0.5": {
							"vector": [0, 5, 0]
						}
					}
				}
			}
		},
		"move.swim": {
			"loop": true,
			"animation_length": 0.5,
			"bones": {
				"root": {
					"rotation": {
						"0.0": {
							"vector": [0, 5, 0]
						},
						"0.0417": {
							"vector": [0, 4.40101, 0]
						},
						"0.0833": {
							"vector": [0, 2.61564, 0]
						},
						"0.1667": {
							"vector": [0, -2.61564, 0]
						},
						"0.2083": {
							"vector": [0, -4.40101, 0]
						},
						"0.25": {
							"vector": [0, -5, 0]
						},
						"0.2917": {
							"vector": [0, -4.40101, 0]
						},
						"0.3333": {
							"vector": [0, -2.61564, 0]
						},
						"0.4167": {
							"vector": [0, 2.61564, 0]
						},
						"0.4583": {
							"vector": [0, 4.40101, 0]
						},
						"0.5": {
							"vector": [0, 5, 0]
						}
					},
					"position": {
						"0.0": {
							"post": {
								"vector": [-8, 0, 0]
							},
							"lerp_mode": "catmullrom"
						},
						"0.25": {
							"post": {
								"vector": [8, 0, 0]
							},
							"lerp_mode": "catmullrom"
						},
						"0.5": {
							"post": {
								"vector": [-8, 0, 0]
							},
							"lerp_mode": "catmullrom"
						}
					}
				},
				"left_fin": {
					"rotation": {
						"0.0": {
							"vector": [0, -10, 0]
						},
						"0.0417": {
							"vector": [0, -9.7005, 0]
						},
						"0.0833": {
							"vector": [0, -8.80782, 0]
						},
						"0.1667": {
							"vector": [0, -6.19218, 0]
						},
						"0.2083": {
							"vector": [0, -5.2995, 0]
						},
						"0.25": {
							"vector": [0, -5, 0]
						},
						"0.2917": {
							"vector": [0, -5.2995, 0]
						},
						"0.3333": {
							"vector": [0, -6.19218, 0]
						},
						"0.4167": {
							"vector": [0, -8.80782, 0]
						},
						"0.4583": {
							"vector": [0, -9.7005, 0]
						},
						"0.5": {
							"vector": [0, -10, 0]
						}
					}
				},
				"right_fin": {
					"rotation": {
						"0.0": {
							"vector": [0, 5, 0]
						},
						"0.0417": {
							"vector": [0, 5.2995, 0]
						},
						"0.0833": {
							"vector": [0, 6.19218, 0]
						},
						"0.1667": {
							"vector": [0, 8.80782, 0]
						},
						"0.2083": {
							"vector": [0, 9.7005, 0]
						},
						"0.25": {
							"vector": [0, 10, 0]
						},
						"0.2917": {
							"vector": [0, 9.7005, 0]
						},
						"0.3333": {
							"vector": [0, 8.80782, 0]
						},